1,1 London Road,Southampton,SO16 7GP,Home
2,2 London Road,Southampton,SO16 7GP,Home
3,3 London Road,Southampton,SO16 7GP,Home
4,4 London Road,Southampton,SO16 7GP,Home
5,5 London Road,Southampton,SO16 7GP,Home
6,6 London Road,Southampton,SO16 7GP,Home
7,7 London Road,Southampton,SO16 7GP,Home
8,8 London Road,Southampton,SO16 7GP,Home
9,9 London Road,Southampton,SO16 7GP,Home
10,10 London Road,Southampton,SO16 7GP,Home
11,10 The High Street,Southampton,SO19 5RV,Pharmacy
12,11 Rolling Road,Southampton,SO10 2TP,Pharmacy
13,12 Sandpark Square,Southampton,SO16 4RL,Surgery
14,13 Java Lane,Southampton,SO16 7GP,Surgery
15,14 Cresent Place,Southampton,SO01 9UI,Hospital
16,15 London Road,Southampton,SO23 6YP,Hospital
